"year","monetary_poverty","social_assistance_coverage_aspire"
"2000","58.8",
"2001","54.2",
"2002","56.4",
"2003","2",
"2004","49.3",
"2005","49.5",
"2006","44.6","11.6657511523303"
"2007","42.7","54.5885140249058"
"2008","36.6","71.4228854323372"
"2009","31.9","77.9402584788398"
"2010","1.5",
"2011","25.3","74.7325146977656"
"2012","25.9","75.1825403357811"
