variable,vif
labor_informality,5.12015909970083
social_protection_coverage,1.2132638423411306
log_gdp_per_capita,4.259011125737119
gini,1.2557967089011013
unemployment,1.6078234175287407
